task_id,task_class,pooled,replicate,arm,original_score,independent_score_a,independent_score_b,original_unsupported,unsupported_a,unsupported_b,tokens
CS1,census-sweep,yes,1,plain,0.7,0.8,0.8,0,0,0,169275
CS1,census-sweep,yes,2,plain,0.8,0.9,0.9,1,0,0,174182
CS1,census-sweep,yes,3,plain,0.7,0.7,0.7,0,3,3,210621
CS1,census-sweep,yes,1,ranked,0.8,0.8,0.8,1,1,1,165298
CS1,census-sweep,yes,2,ranked,0.8,0.8,0.8,0,1,1,165296
CS1,census-sweep,yes,3,ranked,0.8,0.8,0.8,1,1,1,165294
CS1,census-sweep,yes,1,template,0.8,0.8,0.9,1,0,0,153418
CS1,census-sweep,yes,2,template,0.8,0.9,0.9,0,0,0,148044
CS1,census-sweep,yes,3,template,0.7,0.7,0.7,0,0,0,153380
CS2,census-sweep,yes,1,plain,1.0,0.875,0.875,0,0,0,32261
CS2,census-sweep,yes,2,plain,1.0,0.875,0.875,0,0,0,23352
CS2,census-sweep,yes,3,plain,1.0,0.875,0.875,0,0,0,23324
CS2,census-sweep,yes,1,ranked,0.875,0.75,0.875,1,0,0,88525
CS2,census-sweep,yes,2,ranked,0.875,0.75,0.875,1,0,0,88486
CS2,census-sweep,yes,3,ranked,1.0,0.875,0.875,1,0,0,88539
CS2,census-sweep,yes,1,template,1.0,0.875,0.875,0,0,0,129917
CS2,census-sweep,yes,2,template,0.875,0.75,0.875,1,0,0,125134
CS2,census-sweep,yes,3,template,1.0,0.875,0.875,0,0,0,125054
CS3,census-sweep,yes,1,plain,1.0,1.0,1.0,0,0,0,142366
CS3,census-sweep,yes,2,plain,1.0,1.0,1.0,0,0,0,142529
CS3,census-sweep,yes,3,plain,0.5,0.5,0.5,1,7,7,54911
CS3,census-sweep,yes,1,ranked,0.375,0.375,0.25,2,2,2,138604
CS3,census-sweep,yes,2,ranked,0.375,0.375,0.25,2,2,2,138548
CS3,census-sweep,yes,3,ranked,0.0,0.0,0.0,0,0,0,155887
CS3,census-sweep,yes,1,template,1.0,1.0,1.0,0,0,0,113184
CS3,census-sweep,yes,2,template,1.0,1.0,1.0,0,0,0,106485
CS3,census-sweep,yes,3,template,1.0,1.0,1.0,0,0,0,106524
CA1,convention-audit,yes,1,plain,0.4167,0.3333,0.3333,1,0,1,91284
CA1,convention-audit,yes,2,plain,0.3333,0.25,0.25,1,0,2,82351
CA1,convention-audit,yes,3,plain,0.5,0.4167,0.4167,1,0,2,97402
CA1,convention-audit,yes,1,ranked,0.4167,0.4167,0.4167,0,0,1,188119
CA1,convention-audit,yes,2,ranked,0.1667,0.0833,0.1667,1,1,2,188334
CA1,convention-audit,yes,3,ranked,0.1667,0.0833,0.1667,1,1,1,188374
CA1,convention-audit,yes,1,template,0.3333,0.25,0.25,1,1,2,78167
CA1,convention-audit,yes,2,template,0.3333,0.25,0.25,1,1,2,78089
CA1,convention-audit,yes,3,template,0.3333,0.25,0.25,1,1,1,78179
CA2,convention-audit,yes,1,plain,0.5,0.4167,0.5833,2,4,6,240458
CA2,convention-audit,yes,2,plain,0.6667,0.5833,0.75,1,2,3,232457
CA2,convention-audit,yes,3,plain,0.5833,0.5833,0.6667,2,3,12,232984
CA2,convention-audit,yes,1,ranked,0.5833,0.5,0.6667,2,3,5,257960
CA2,convention-audit,yes,2,ranked,0.6667,0.5,0.6667,2,2,4,258263
CA2,convention-audit,yes,3,ranked,0.5833,0.4167,0.5,0,0,0,258008
CA2,convention-audit,yes,1,template,0.4167,0.4167,0.5,0,0,0,214433
CA2,convention-audit,yes,2,template,0.5,0.3333,0.5,3,3,10,221244
CA2,convention-audit,yes,3,template,0.4167,0.3333,0.5,1,1,2,221093
CA3,convention-audit,yes,1,plain,0.5833,0.25,0.3333,1,1,8,231076
CA3,convention-audit,yes,2,plain,0.5,0.3333,0.5,2,2,4,201814
CA3,convention-audit,yes,3,plain,0.6667,0.25,0.3333,0,0,7,230683
CA3,convention-audit,yes,1,ranked,0.5833,0.5,0.5,3,4,10,188792
CA3,convention-audit,yes,2,ranked,0.5833,0.3333,0.5,1,1,6,188544
CA3,convention-audit,yes,3,ranked,0.5833,0.4167,0.4167,0,0,4,188801
CA3,convention-audit,yes,1,template,0.1667,0.1667,0.25,1,1,7,174331
CA3,convention-audit,yes,2,template,0.1667,0.25,0.25,1,1,5,174514
CA3,convention-audit,yes,3,template,0.25,0.25,0.25,1,0,4,174573
ND1,needle-discovery,yes,1,plain,0.0,0.0,0.0,1,1,3,167017
ND1,needle-discovery,yes,2,plain,0.0,0.0,0.0,1,1,3,141190
ND1,needle-discovery,yes,3,plain,1.0,1.0,1.0,0,0,0,63725
ND1,needle-discovery,yes,1,ranked,1.0,1.0,1.0,0,0,0,23392
ND1,needle-discovery,yes,2,ranked,1.0,1.0,1.0,0,0,0,23324
ND1,needle-discovery,yes,3,ranked,1.0,1.0,1.0,0,0,0,24425
ND1,needle-discovery,yes,1,template,0.875,0.875,0.875,0,0,0,102326
ND1,needle-discovery,yes,2,template,0.0,0.0,0.0,1,1,3,95892
ND1,needle-discovery,yes,3,template,0.0,0.0,0.0,1,1,3,85896
ND2,needle-discovery,yes,1,plain,1.0,1.0,1.0,0,0,0,38943
ND2,needle-discovery,yes,2,plain,1.0,1.0,1.0,0,0,0,28536
ND2,needle-discovery,yes,3,plain,1.0,1.0,1.0,0,0,0,33451
ND2,needle-discovery,yes,1,ranked,1.0,1.0,1.0,0,0,0,16060
ND2,needle-discovery,yes,2,ranked,1.0,1.0,1.0,0,0,0,16072
ND2,needle-discovery,yes,3,ranked,1.0,1.0,1.0,0,0,0,16373
ND2,needle-discovery,yes,1,template,1.0,1.0,1.0,0,0,0,17531
ND2,needle-discovery,yes,2,template,1.0,1.0,1.0,0,0,0,19666
ND2,needle-discovery,yes,3,template,1.0,1.0,1.0,0,0,0,34168
ND3,needle-discovery,yes,1,plain,0.75,0.875,0.875,0,0,0,83756
ND3,needle-discovery,yes,2,plain,0.875,0.875,0.75,0,0,0,184746
ND3,needle-discovery,yes,3,plain,0.0,0.0,0.0,0,0,1,158849
ND3,needle-discovery,yes,1,ranked,0.0,0.0,0.0,1,1,4,127238
ND3,needle-discovery,yes,2,ranked,0.75,0.875,0.875,0,0,0,98201
ND3,needle-discovery,yes,3,ranked,0.0,0.0,0.0,1,1,4,101722
ND3,needle-discovery,yes,1,template,0.75,0.875,0.875,0,0,0,117380
ND3,needle-discovery,yes,2,template,0.0,0.0,0.0,0,0,1,129462
ND3,needle-discovery,yes,3,template,0.75,0.875,0.875,0,0,0,45194
ML1,mechanical-lookup,no (control),1,plain,1.0,1.0,1.0,0,0,0,15110
ML1,mechanical-lookup,no (control),2,plain,1.0,1.0,1.0,0,0,0,15110
ML1,mechanical-lookup,no (control),1,ranked,1.0,1.0,1.0,0,0,0,10165
ML1,mechanical-lookup,no (control),2,ranked,1.0,1.0,1.0,0,0,0,10165
ML1,mechanical-lookup,no (control),1,template,1.0,1.0,1.0,0,0,0,4408
ML1,mechanical-lookup,no (control),2,template,1.0,0.5,1.0,0,0,0,4330
ML2,mechanical-lookup,no (control),1,plain,1.0,1.0,1.0,0,0,0,15057
ML2,mechanical-lookup,no (control),2,plain,1.0,1.0,1.0,0,0,0,15057
ML2,mechanical-lookup,no (control),1,ranked,1.0,1.0,1.0,0,0,0,9414
ML2,mechanical-lookup,no (control),2,ranked,1.0,1.0,1.0,0,0,0,9435
ML2,mechanical-lookup,no (control),1,template,1.0,1.0,1.0,0,0,0,4617
ML2,mechanical-lookup,no (control),2,template,1.0,1.0,1.0,0,0,0,4617
SY1,synthesis,no (control),1,plain,0.6,0.5,0.4,0,2,2,247859
SY1,synthesis,no (control),2,plain,0.4,0.6,0.5,2,1,6,245890
SY1,synthesis,no (control),1,ranked,0.4,0.4,0.3,1,1,2,257843
SY1,synthesis,no (control),2,ranked,0.3,0.4,0.4,2,2,3,266157
SY1,synthesis,no (control),1,template,0.3,0.3,0.2,2,3,3,101932
SY1,synthesis,no (control),2,template,0.5,0.6,0.5,1,1,1,105154
